a0001,1
a0002,1
a0003,1
a0004,1
a0005,1
a0006,1
a0007,0
a0008,1
a0009,0
a0010,1
a0011,0
a0012,0
a0013,1
a0014,1
a0015,1
a0016,0
a0017,1
a0018,1
a0019,0
a0020,1
a0021,1
a0022,1
a0023,1
a0024,1
a0025,0
a0026,1
a0027,0
a0028,0
a0029,0
a0030,1
a0031,1
a0032,0
a0033,1
a0034,1
a0035,0
a0036,1
a0037,1
a0038,0
a0039,1
a0040,1
a0041,1
a0042,1
a0043,1
a0044,1
a0045,1
a0046,1
a0047,1
a0048,1
a0049,0
a0050,0
a0051,1
a0052,1
a0053,0
a0054,1
a0055,0
a0056,1
a0057,1
a0058,1
a0059,1
a0060,1
a0061,1
a0062,1
a0063,1
a0064,1
a0065,1
a0066,1
a0067,1
a0068,0
a0069,0
a0070,0
a0071,0
a0072,1
a0073,1
a0074,1
a0075,1
a0076,1
a0077,1
a0078,1
a0079,1
a0080,0
a0081,0
a0082,1
a0083,1
a0084,1
a0085,0
a0086,0
a0087,1
a0088,0
a0089,1
a0090,1
a0091,0
a0092,1
a0093,0
a0094,0
a0095,1
a0096,1
a0097,1
a0098,1
a0099,1
a0100,1
a0101,1
a0102,0
a0103,1
a0104,1
a0105,0
a0106,0
a0107,1
a0108,0
a0109,0
a0110,1
a0111,1
a0112,1
a0113,1
a0114,1
a0115,1
a0116,1
a0117,1
a0118,0
a0119,1
a0120,1
a0121,1
a0122,1
a0123,1
a0124,1
a0125,0
a0126,1
a0127,0
a0128,1
a0129,0
a0130,1
a0131,1
a0132,1
a0133,1
a0134,1
a0135,1
a0136,0
a0137,1
a0138,1
a0139,0
a0140,0
a0141,0
a0142,1
a0143,1
a0144,1
a0145,1
a0146,1
a0147,1
a0148,1
a0149,1
a0150,1
a0151,1
a0152,1
a0153,0
a0154,0
a0155,0
a0156,1
a0157,1
a0158,1
a0159,1
a0160,1
a0161,0
a0162,1
a0163,1
a0164,1
a0165,0
a0166,1
a0167,1
a0168,1
a0169,1
a0170,1
a0171,0
a0172,1
a0173,1
a0174,1
a0175,1
a0176,1
a0177,1
a0178,0
a0179,0
a0180,1
a0181,0
a0182,1
a0183,1
a0184,0
a0185,0
a0186,1
a0187,1
a0188,1
a0189,0
a0190,1
a0191,1
a0192,1
a0193,0
a0194,1
a0195,0
a0196,0
a0197,1
a0198,1
a0199,0
a0200,1
a0201,1
a0202,1
a0203,1
a0204,0
a0205,1
a0206,1
a0207,1
a0208,0
a0209,1
a0210,0
a0211,0
a0212,0
a0213,1
a0214,1
a0215,1
a0216,1
a0217,1
a0218,1
a0219,1
a0220,1
a0221,1
a0222,1
a0223,1
a0224,1
a0225,1
a0226,1
a0227,0
a0228,1
a0229,0
a0230,1
a0231,0
a0232,1
a0233,1
a0234,1
a0235,0
a0236,1
a0237,1
a0238,0
a0239,1
a0240,1
a0241,0
a0242,1
a0243,0
a0244,1
a0245,1
a0246,1
a0247,1
a0248,1
a0249,1
a0250,0
a0251,1
a0252,1
a0253,0
a0254,1
a0255,1
a0256,1
a0257,1
a0258,1
a0259,1
a0260,1
a0261,1
a0262,1
a0263,1
a0264,0
a0265,1
a0266,0
a0267,1
a0268,1
a0269,1
a0270,0
a0271,0
a0272,1
a0273,1
a0274,0
a0275,1
a0276,1
a0277,1
a0278,1
a0279,1
a0280,1
a0281,1
a0282,1
a0283,0
a0284,1
a0285,0
a0286,1
a0287,0
a0288,1
a0289,0
a0290,0
a0291,1
a0292,1
a0293,0
a0294,0
a0295,1
a0296,1
a0297,1
a0298,0
a0299,0
a0300,1
a0301,0
a0302,0
a0303,1
a0304,0
a0305,1
a0306,1
a0307,1
a0308,1
a0309,0
a0310,0
a0311,0
a0312,1
a0313,1
a0314,1
a0315,1
a0316,1
a0317,1
a0318,1
a0319,1
a0320,1
a0321,1
a0322,1
a0323,0
a0324,1
a0325,0
a0326,1
a0327,1
a0328,0
a0329,0
a0330,0
a0331,1
a0332,0
a0333,1
a0334,0
a0335,1
a0336,1
a0337,0
a0338,1
a0339,1
a0340,0
a0341,1
a0342,0
a0343,1
a0344,1
a0345,1
a0346,1
a0347,1
a0348,1
a0349,1
a0350,1
a0351,0
a0352,0
a0353,0
a0354,1
a0355,0
a0356,1
a0357,1
a0358,1
a0359,0
a0360,1
a0361,0
a0362,1
a0363,1
a0364,1
a0365,1
a0366,1
a0367,1
a0368,1
a0369,1
a0370,1
a0371,1
a0372,1
a0373,1
a0374,1
a0375,1
a0376,1
a0377,1
a0378,1
a0379,1
a0380,1
a0381,1
a0382,1
a0383,1
a0384,1
a0385,0
a0386,0
a0387,1
a0388,1
a0389,1
a0390,1
a0391,1
a0392,1
a0393,0
a0394,1
a0395,1
a0396,1
a0397,1
a0398,1
a0399,1
a0400,1
a0401,0
a0402,1
a0403,1
a0404,1
a0405,0
a0406,0
a0407,0
a0408,0
a0409,0
b0001,0
b0002,0
b0003,0
b0004,0
b0005,0
b0006,0
b0007,0
b0008,1
b0009,0
b0010,0
b0011,0
b0012,0
b0013,1
b0014,0
b0015,0
b0016,1
b0017,0
b0018,1
b0019,0
b0020,0
b0021,0
b0022,1
b0023,1
b0024,0
b0025,0
b0026,0
b0027,0
b0028,0
b0029,0
b0030,1
b0031,0
b0032,1
b0033,1
b0034,0
b0035,0
b0036,0
b0037,1
b0038,0
b0039,0
b0040,1
b0041,1
b0042,0
b0043,1
b0044,0
b0045,0
b0046,1
b0047,0
b0048,1
b0049,0
b0050,0
b0051,0
b0052,0
b0053,0
b0054,1
b0055,0
b0056,0
b0057,1
b0058,0
b0059,0
b0060,0
b0061,0
b0062,0
b0063,1
b0064,0
b0065,0
b0066,0
b0067,0
b0068,1
b0069,0
b0070,0
b0071,0
b0072,0
b0073,0
b0074,0
b0075,0
b0076,0
b0077,1
b0078,0
b0079,0
b0080,0
b0081,1
b0082,0
b0083,0
b0084,0
b0085,0
b0086,1
b0087,0
b0088,0
b0089,0
b0090,0
b0091,0
b0092,0
b0093,0
b0094,0
b0095,0
b0096,1
b0097,0
b0098,0
b0099,0
b0100,0
b0101,0
b0102,0
b0103,0
b0104,0
b0105,0
b0106,1
b0107,0
b0108,0
b0109,0
b0110,0
b0111,0
b0112,0
b0113,0
b0114,0
b0115,0
b0116,0
b0117,1
b0118,0
b0119,0
b0120,1
b0121,0
b0122,0
b0123,0
b0124,0
b0125,0
b0126,0
b0127,0
b0128,0
b0129,0
b0130,1
b0131,0
b0132,0
b0133,0
b0134,0
b0135,0
b0136,1
b0137,1
b0138,0
b0139,0
b0140,1
b0141,0
b0142,0
b0143,0
b0144,0
b0145,0
b0146,0
b0147,0
b0148,1
b0149,0
b0150,0
b0151,0
b0152,0
b0153,0
b0154,0
b0155,1
b0156,0
b0157,0
b0158,0
b0159,1
b0160,0
b0161,0
b0162,0
b0163,0
b0164,1
b0165,0
b0166,0
b0167,0
b0168,0
b0169,0
b0170,0
b0171,1
b0172,0
b0173,0
b0174,0
b0175,0
b0176,1
b0177,0
b0178,0
b0179,0
b0180,0
b0181,0
b0182,0
b0183,0
b0184,0
b0185,0
b0186,0
b0187,0
b0188,0
b0189,0
b0190,1
b0191,0
b0192,0
b0193,0
b0194,0
b0195,0
b0196,0
b0197,1
b0198,0
b0199,0
b0200,0
b0201,0
b0202,0
b0203,0
b0204,0
b0205,0
b0206,0
b0207,0
b0208,1
b0209,0
b0210,0
b0211,0
b0212,0
b0213,0
b0214,0
b0215,0
b0216,0
b0217,0
b0218,0
b0219,0
b0220,0
b0221,1
b0222,0
b0223,0
b0224,1
b0225,0
b0226,0
b0227,0
b0228,0
b0229,0
b0230,0
b0231,0
b0232,1
b0233,1
b0234,0
b0235,1
b0236,0
b0237,0
b0238,1
b0239,1
b0240,0
b0241,0
b0242,1
b0243,1
b0244,0
b0245,0
b0246,0
b0247,0
b0248,1
b0249,0
b0250,0
b0251,1
b0252,0
b0253,1
b0254,0
b0255,0
b0256,0
b0257,1
b0258,0
b0259,0
b0260,0
b0261,0
b0262,1
b0263,1
b0264,0
b0265,1
b0266,0
b0267,1
b0268,0
b0269,0
b0270,0
b0271,1
b0272,0
b0273,1
b0274,0
b0275,0
b0276,0
b0277,0
b0278,1
b0279,1
b0280,1
b0281,0
b0282,0
b0283,0
b0284,1
b0285,0
b0286,0
b0287,0
b0288,0
b0289,0
b0290,0
b0291,0
b0292,1
b0293,0
b0294,0
b0295,1
b0296,0
b0297,0
b0298,0
b0299,1
b0300,0
b0301,0
b0302,0
b0303,0
b0304,0
b0305,0
b0306,0
b0307,1
b0308,0
b0309,0
b0310,0
b0311,0
b0312,0
b0313,0
b0314,0
b0315,0
b0316,0
b0317,0
b0318,1
b0319,1
b0320,0
b0321,0
b0322,0
b0323,0
b0324,0
b0325,0
b0326,0
b0327,1
b0328,0
b0329,0
b0330,0
b0331,0
b0332,0
b0333,0
b0334,1
b0335,1
b0336,0
b0337,0
b0338,0
b0339,0
b0340,0
b0341,1
b0342,1
b0343,0
b0344,1
b0345,0
b0346,0
b0347,0
b0348,0
b0349,1
b0350,0
b0351,0
b0352,0
b0353,0
b0354,0
b0355,0
b0356,0
b0357,0
b0358,0
b0359,0
b0360,0
b0361,1
b0362,0
b0363,0
b0364,0
b0365,1
b0366,0
b0367,1
b0368,0
b0369,1
b0370,0
b0371,0
b0372,0
b0373,0
b0374,0
b0375,0
b0376,0
b0377,0
b0378,0
b0379,0
b0380,0
b0381,0
b0382,0
b0383,0
b0384,1
b0385,1
b0386,0
b0387,0
b0388,0
b0389,0
b0390,1
b0391,0
b0392,0
b0393,0
b0394,0
b0395,1
b0396,0
b0397,1
b0398,0
b0399,0
b0400,0
b0401,0
b0402,0
b0403,0
b0404,0
b0405,0
b0406,0
b0407,0
b0408,1
b0409,1
b0410,0
b0411,0
b0412,0
b0413,1
b0414,0
b0415,0
b0416,0
b0417,0
b0418,1
b0419,0
b0420,0
b0421,0
b0422,1
b0423,0
b0424,0
b0425,0
b0426,0
b0427,1
b0428,1
b0429,0
b0430,0
b0431,0
b0432,0
b0433,0
b0434,0
b0435,0
b0436,1
b0437,1
b0438,0
b0439,0
b0440,0
b0441,0
b0442,0
b0443,0
b0444,1
b0445,0
b0446,1
b0447,0
b0448,0
b0449,0
b0450,1
b0451,0
b0452,0
b0453,0
b0454,0
b0455,1
b0456,0
b0457,0
b0458,0
b0459,0
b0460,0
b0461,0
b0462,0
b0463,0
b0464,0
b0465,1
b0466,0
b0467,1
b0468,1
b0469,0
b0470,0
b0471,1
b0472,0
b0473,0
b0474,1
b0475,0
b0476,1
b0477,0
b0478,0
b0479,0
b0480,0
b0481,0
b0482,0
b0483,0
b0484,1
b0485,0
b0486,0
b0487,0
b0488,0
b0489,0
b0490,0
e00490,0
e00491,0
e00492,0
e00493,0
e00494,0
e00495,0
e00496,0
e00497,0
e00498,0
e00499,0
e00500,0
e00501,0
e00502,0
e00503,0
e00504,0
e00505,0
e00506,0
e00507,0
e00508,0
e00509,0
e00510,0
e00511,0
e00512,0
e00513,0
e00514,0
e00515,0
e00516,0
e00517,0
e00518,0
e00519,0
e00520,0
e00521,0
e00522,0
e00523,1
e00524,0
e00525,0
e00526,1
e00527,0
e00528,1
e00529,0
e00530,0
e00531,0
e00532,0
e00533,0
e00534,0
e00535,0
e00536,1
e00537,1
e00538,0
e00539,1
e00540,0
e00541,0
e00542,0
e00543,0
e00544,0
e00545,0
e00546,0
e00547,0
e00548,0
e00549,0
e00550,0
e00551,1
e00552,0
e00553,0
e00554,0
e00555,0
e00556,0
e00557,0
e00558,0
e00559,0
e00560,0
e00561,0
e00562,1
e00563,0
e00564,0
e00565,0
e00566,0
e00567,0
e00568,0
e00569,0
e00570,0
e00571,0
e00572,0
e00573,0
e00574,0
e00575,0
e00576,0
e00577,0
e00578,0
e00579,0
e00580,0
e00581,0
e00582,0
e00583,0
e00584,0
e00585,0
e00586,0
e00587,0
e00588,0
e00589,0
e00590,0
e00591,1
e00592,0
e00593,0
e00594,0
e00595,0
e00596,0
e00597,0
e00598,0
e00599,0
e00600,0
e00601,1
e00602,0
e00603,1
e00604,0
e00605,1
e00606,0
e00607,0
e00608,0
e00609,0
e00610,0
e00611,0
e00612,0
e00613,0
e00614,0
e00615,0
e00616,0
e00617,0
e00618,0
e00619,1
e00620,0
e00621,0
e00622,1
e00623,0
e00624,0
e00625,0
e00626,0
e00627,1
e00628,0
e00629,0
e00630,0
e00631,0
e00632,0
e00633,0
e00634,0
e00635,0
e00636,0
e00637,0
e00638,0
e00639,0
e00640,0
e00641,0
e00642,0
e00643,0
e00644,0
e00645,0
e00646,0
e00647,0
e00648,1
e00649,0
e00650,0
e00651,0
e00652,0
e00653,0
e00654,0
e00655,0
e00656,0
e00657,1
e00658,0
e00659,0
e00660,0
e00661,0
e00662,0
e00663,0
e00664,0
e00665,0
e00666,0
e00667,0
e00668,0
e00669,0
e00670,1
e00671,0
e00672,0
e00673,0
e00674,0
e00675,0
e00676,0
e00677,0
e00678,0
e00679,0
e00680,0
e00681,0
e00682,0
e00683,0
e00684,0
e00685,0
e00686,0
e00687,0
e00688,0
e00689,0
e00690,0
e00691,0
e00692,0
e00693,1
e00694,0
e00695,0
e00696,0
e00697,0
e00698,0
e00699,1
e00700,0
e00701,0
e00702,0
e00703,1
e00704,0
e00705,0
e00706,0
e00707,0
e00708,0
e00709,0
e00710,0
e00711,0
e00712,0
e00713,1
e00714,0
e00715,0
e00716,0
e00717,0
e00718,0
e00719,0
e00720,0
e00721,0
e00722,0
e00723,0
e00724,0
e00725,0
e00726,0
e00727,0
e00728,0
e00729,0
e00730,0
e00731,1
e00732,0
e00733,0
e00734,0
e00735,0
e00736,0
e00737,1
e00738,0
e00739,0
e00740,0
e00741,0
e00742,0
e00743,0
e00744,0
e00745,0
e00746,0
e00747,0
e00748,0
e00749,0
e00750,0
e00751,0
e00752,0
e00753,0
e00754,0
e00755,0
e00756,0
e00757,0
e00758,0
e00759,0
e00760,0
e00761,0
e00762,0
e00763,0
e00764,0
e00765,0
e00766,1
e00767,0
e00768,0
e00769,0
e00770,0
e00771,0
e00772,0
e00773,0
e00774,0
e00775,0
e00776,0
e00777,0
e00778,0
e00779,0
e00780,0
e00781,0
e00782,0
e00783,0
e00784,0
e00785,0
e00786,0
e00787,0
e00788,0
e00789,0
e00790,0
e00791,0
e00792,1
e00793,0
e00794,0
e00795,0
e00796,0
e00797,0
e00798,0
e00799,0
e00800,0
e00801,0
e00802,0
e00803,0
e00804,0
e00805,0
e00806,0
e00807,0
e00808,0
e00809,0
e00810,0
e00811,1
e00812,1
e00813,0
e00814,0
e00815,0
e00816,0
e00817,0
e00818,0
e00819,0
e00820,0
e00821,0
e00822,0
e00823,0
e00824,1
e00825,0
e00826,0
e00827,0
e00828,0
e00829,0
e00830,0
e00831,0
e00832,0
e00833,0
e00834,0
e00835,0
e00836,0
e00837,0
e00838,0
e00839,0
e00840,0
e00841,1
e00842,0
e00843,0
e00844,0
e00845,0
e00846,0
e00847,1
e00848,0
e00849,0
e00850,0
e00851,0
e00852,0
e00853,0
e00854,0
e00855,0
e00856,0
e00857,0
e00858,0
e00859,0
e00860,0
e00861,0
e00862,0
e00863,0
e00864,0
e00865,0
e00866,0
e00867,0
e00868,0
e00869,0
e00870,0
e00871,1
e00872,0
e00873,0
e00874,0
e00875,0
e00876,0
e00877,0
e00878,0
e00879,0
e00880,1
e00881,0
e00882,0
e00883,0
e00884,0
e00885,0
e00886,0
e00887,0
e00888,0
e00889,0
e00890,0
e00891,0
e00892,0
e00893,0
e00894,0
e00895,0
e00896,0
e00897,0
e00898,0
e00899,0
e00900,0
e00901,0
e00902,0
e00903,0
e00904,0
e00905,0
e00906,0
e00907,0
e00908,0
e00909,0
e00910,0
e00911,0
e00912,0
e00913,0
e00914,0
e00915,0
e00916,0
e00917,1
e00918,0
e00919,0
e00920,0
e00921,1
e00922,0
e00923,0
e00924,1
e00925,1
e00926,0
e00927,0
e00928,0
e00929,1
e00930,0
e00931,0
e00932,0
e00933,0
e00934,0
e00935,1
e00936,1
e00937,0
e00938,0
e00939,0
e00940,0
e00941,0
e00942,0
e00943,0
e00944,0
e00945,0
e00946,0
e00947,0
e00948,0
e00949,0
e00950,0
e00951,0
e00952,0
e00953,0
e00954,0
e00955,0
e00956,0
e00957,0
e00958,0
e00959,0
e00960,0
e00961,0
e00962,0
e00963,0
e00964,0
e00965,0
e00966,0
e00967,1
e00968,0
e00969,0
e00970,0
e00971,0
e00972,0
e00973,0
e00974,0
e00975,0
e00976,0
e00977,0
e00978,0
e00979,0
e00980,1
e00981,0
e00982,0
e00983,0
e00984,0
e00985,0
e00986,0
e00987,0
e00988,0
e00989,0
e00990,0
e00991,0
e00992,0
e00993,0
e00994,0
e00995,0
e00996,0
e00997,0
e00998,1
e00999,0
e01000,0
e01001,0
e01002,0
e01003,0
e01004,0
e01005,0
e01006,0
e01007,0
e01008,0
e01009,0
e01010,0
e01011,0
e01012,0
e01013,1
e01014,0
e01015,0
e01016,1
e01017,0
e01018,0
e01019,0
e01020,0
e01021,0
e01022,0
e01023,0
e01024,0
e01025,0
e01026,0
e01027,0
e01028,0
e01029,0
e01030,0
e01031,0
e01032,0
e01033,0
e01034,0
e01035,0
e01036,0
e01037,0
e01038,0
e01039,0
e01040,0
e01041,0
e01042,0
e01043,0
e01044,0
e01045,0
e01046,0
e01047,0
e01048,0
e01049,0
e01050,0
e01051,0
e01052,0
e01053,0
e01054,0
e01055,1
e01056,0
e01057,0
e01058,0
e01059,0
e01060,0
e01061,0
e01062,1
e01063,0
e01064,0
e01065,0
e01066,0
e01067,0
e01068,0
e01069,0
e01070,0
e01071,0
e01072,0
e01073,0
e01074,0
e01075,0
e01076,0
e01077,0
e01078,0
e01079,0
e01080,0
e01081,0
e01082,0
e01083,0
e01084,1
e01085,0
e01086,0
e01087,0
e01088,0
e01089,0
e01090,0
e01091,0
e01092,0
e01093,0
e01094,0
e01095,0
e01096,0
e01097,1
e01098,0
e01099,0
e01100,0
e01101,0
e01102,0
e01103,0
e01104,0
e01105,1
e01106,0
e01107,0
e01108,0
e01109,0
e01110,0
e01111,0
e01112,0
e01113,0
e01114,0
e01115,1
e01116,0
e01117,0
e01118,0
e01119,0
e01120,0
e01121,0
e01122,0
e01123,0
e01124,0
e01125,0
e01126,0
e01127,0
e01128,0
e01129,0
e01130,0
e01131,0
e01132,0
e01133,0
e01134,0
e01135,0
e01136,0
e01137,0
e01138,0
e01139,0
e01140,0
e01141,0
e01142,0
e01143,0
e01144,0
e01145,0
e01146,0
e01147,0
e01148,0
e01149,0
e01150,0
e01151,0
e01152,0
e01153,0
e01154,0
e01155,0
e01156,0
e01157,0
e01158,0
e01159,0
e01160,1
e01161,0
e01162,0
e01163,0
e01164,0
e01165,0
e01166,0
e01167,0
e01168,0
e01169,0
e01170,0
e01171,0
e01172,0
e01173,0
e01174,0
e01175,0
e01176,0
e01177,0
e01178,0
e01179,0
e01180,0
e01181,0
e01182,0
e01183,0
e01184,0
e01185,0
e01186,0
e01187,0
e01188,0
e01189,0
e01190,0
e01191,0
e01192,0
e01193,0
e01194,0
e01195,0
e01196,0
e01197,0
e01198,0
e01199,0
e01200,0
e01201,0
e01202,0
e01203,0
e01204,0
e01205,1
e01206,0
e01207,0
e01208,0
e01209,0
e01210,0
e01211,0
e01212,0
e01213,0
e01214,0
e01215,1
e01216,0
e01217,0
e01218,1
e01219,0
e01220,0
e01221,0
e01222,0
e01223,0
e01224,0
e01225,0
e01226,1
e01227,0
e01228,0
e01229,0
e01230,0
e01231,0
e01232,0
e01233,0
e01234,0
e01235,0
e01236,0
e01237,1
e01238,0
e01239,0
e01240,0
e01241,0
e01242,0
e01243,0
e01244,0
e01245,0
e01246,1
e01247,0
e01248,0
e01249,0
e01250,0
e01251,0
e01252,0
e01253,0
e01254,0
e01255,0
e01256,1
e01257,0
e01258,0
e01259,0
e01260,0
e01261,0
e01262,0
e01263,1
e01264,0
e01265,0
e01266,0
e01267,0
e01268,0
e01269,0
e01270,0
e01271,0
e01272,1
e01273,0
e01274,0
e01275,0
e01276,0
e01277,0
e01278,0
e01279,0
e01280,1
e01281,0
e01282,0
e01283,0
e01284,1
e01285,0
e01286,0
e01287,0
e01288,0
e01289,1
e01290,0
e01291,0
e01292,0
e01293,0
e01294,0
e01295,0
e01296,0
e01297,0
e01298,1
e01299,1
e01300,0
e01301,0
e01302,0
e01303,0
e01304,0
e01305,0
e01306,0
e01307,1
e01308,0
e01309,0
e01310,0
e01311,0
e01312,0
e01313,0
e01314,0
e01315,0
e01316,0
e01317,0
e01318,0
e01319,0
e01320,0
e01321,0
e01322,0
e01323,0
e01324,0
e01325,0
e01326,0
e01327,0
e01328,0
e01329,0
e01330,0
e01331,0
e01332,0
e01333,0
e01334,0
e01335,0
e01336,0
e01337,0
e01338,0
e01339,0
e01340,0
e01341,1
e01342,0
e01343,0
e01344,0
e01345,0
e01346,0
e01347,0
e01348,0
e01349,0
e01350,0
e01351,1
e01352,0
e01353,0
e01354,0
e01355,0
e01356,0
e01357,0
e01358,0
e01359,0
e01360,0
e01361,0
e01362,0
e01363,0
e01364,0
e01365,1
e01366,0
e01367,1
e01368,0
e01369,0
e01370,0
e01371,0
e01372,0
e01373,0
e01374,1
e01375,1
e01376,1
e01377,0
e01378,0
e01379,0
e01380,0
e01381,0
e01382,1
e01383,1
e01384,0
e01385,0
e01386,0
e01387,0
e01388,0
e01389,0
e01390,0
e01391,0
e01392,0
e01393,0
e01394,0
e01395,0
e01396,0
e01397,0
e01398,0
e01399,1
e01400,0
e01401,0
e01402,0
e01403,0
e01404,0
e01405,0
e01406,0
e01407,0
e01408,0
e01409,0
e01410,0
e01411,0
e01412,0
e01413,0
e01414,0
e01415,0
e01416,0
e01417,0
e01418,0
e01419,0
e01420,0
e01421,1
e01422,0
e01423,0
e01424,0
e01425,0
e01426,0
e01427,0
e01428,0
e01429,0
e01430,0
e01431,0
e01432,0
e01433,0
e01434,0
e01435,0
e01436,0
e01437,0
e01438,0
e01439,0
e01440,0
e01441,0
e01442,0
e01443,0
e01444,0
e01445,0
e01446,0
e01447,0
e01448,0
e01449,0
e01450,0
e01451,0
e01452,0
e01453,0
e01454,0
e01455,0
e01456,0
e01457,1
e01458,0
e01459,0
e01460,0
e01461,1
e01462,0
e01463,0
e01464,0
e01465,0
e01466,0
e01467,0
e01468,0
e01469,0
e01470,0
e01471,0
e01472,0
e01473,0
e01474,0
e01475,0
e01476,0
e01477,0
e01478,0
e01479,1
e01480,0
e01481,0
e01482,0
e01483,1
e01484,0
e01485,0
e01486,0
e01487,0
e01488,0
e01489,0
e01490,0
e01491,0
e01492,0
e01493,0
e01494,1
e01495,0
e01496,0
e01497,0
e01498,0
e01499,0
e01500,0
e01501,0
e01502,1
e01503,0
e01504,0
e01505,0
e01506,0
e01507,0
e01508,0
e01509,0
e01510,0
e01511,1
e01512,0
e01513,0
e01514,0
e01515,0
e01516,0
e01517,0
e01518,0
e01519,0
e01520,0
e01521,0
e01522,0
e01523,0
e01524,0
e01525,0
e01526,0
e01527,0
e01528,0
e01529,1
e01530,0
e01531,1
e01532,0
e01533,0
e01534,0
e01535,0
e01536,0
e01537,0
e01538,0
e01539,0
e01540,0
e01541,0
e01542,0
e01543,0
e01544,0
e01545,0
e01546,0
e01547,0
e01548,0
e01549,0
e01550,0
e01551,0
e01552,0
e01553,0
e01554,0
e01555,0
e01556,0
e01557,0
e01558,0
e01559,1
e01560,0
e01561,0
e01562,0
e01563,0
e01564,0
e01565,0
e01566,0
e01567,0
e01568,1
e01569,0
e01570,0
e01571,0
e01572,1
e01573,0
e01574,0
e01575,0
e01576,0
e01577,0
e01578,0
e01579,0
e01580,0
e01581,1
e01582,0
e01583,0
e01584,0
e01585,0
e01586,0
e01587,0
e01588,0
e01589,0
e01590,0
e01591,0
e01592,0
e01593,0
e01594,0
e01595,0
e01596,0
e01597,0
e01598,0
e01599,0
e01600,0
e01601,1
e01602,1
e01603,0
e01604,0
e01605,1
e01606,0
e01607,0
e01608,0
e01609,0
e01610,0
e01611,0
e01612,0
e01613,0
e01614,0
e01615,0
e01616,0
e01617,0
e01618,0
e01619,0
e01620,0
e01621,0
e01622,0
e01623,1
e01624,0
e01625,0
e01626,0
e01627,0
e01628,0
e01629,0
e01630,0
e01631,0
e01632,0
e01633,0
e01634,0
e01635,0
e01636,0
e01637,1
e01638,1
e01639,0
e01640,0
e01641,0
e01642,0
e01643,0
e01644,0
e01645,0
e01646,0
e01647,0
e01648,0
e01649,0
e01650,0
e01651,1
e01652,0
e01653,0
e01654,0
e01655,0
e01656,0
e01657,0
e01658,0
e01659,0
e01660,0
e01661,1
e01662,0
e01663,0
e01664,0
e01665,1
e01666,0
e01667,0
e01668,1
e01669,0
e01670,0
e01671,0
e01672,0
e01673,0
e01674,0
e01675,0
e01676,0
e01677,0
e01678,0
e01679,0
e01680,0
e01681,0
e01682,0
e01683,0
e01684,1
e01685,0
e01686,1
e01687,0
e01688,0
e01689,1
e01690,0
e01691,0
e01692,0
e01693,0
e01694,0
e01695,0
e01696,0
e01697,1
e01698,0
e01699,0
e01700,0
e01701,0
e01702,0
e01703,0
e01704,0
e01705,0
e01706,0
e01707,0
e01708,0
e01709,0
e01710,0
e01711,1
e01712,0
e01713,0
e01714,0
e01715,0
e01716,0
e01717,0
e01718,0
e01719,1
e01720,0
e01721,0
e01722,0
e01723,0
e01724,0
e01725,0
e01726,0
e01727,0
e01728,0
e01729,0
e01730,0
e01731,0
e01732,1
e01733,0
e01734,0
e01735,0
e01736,0
e01737,0
e01738,0
e01739,0
e01740,0
e01741,0
e01742,0
e01743,0
e01744,0
e01745,0
e01746,0
e01747,0
e01748,0
e01749,0
e01750,0
e01751,0
e01752,0
e01753,0
e01754,0
e01755,0
e01756,1
e01757,0
e01758,0
e01759,0
e01760,0
e01761,0
e01762,0
e01763,0
e01764,0
e01765,0
e01766,1
e01767,0
e01768,0
e01769,0
e01770,0
e01771,0
e01772,0
e01773,0
e01774,0
e01775,0
e01776,0
e01777,0
e01778,0
e01779,0
e01780,0
e01781,0
e01782,0
e01783,0
e01784,0
e01785,0
e01786,0
e01787,1
e01788,0
e01789,0
e01790,0
e01791,1
e01792,0
e01793,0
e01794,0
e01795,0
e01796,0
e01797,0
e01798,0
e01799,0
e01800,0
e01801,0
e01802,0
e01803,0
e01804,0
e01805,0
e01806,0
e01807,0
e01808,0
e01809,0
e01810,0
e01811,0
e01812,1
e01813,0
e01814,0
e01815,0
e01816,0
e01817,0
e01818,0
e01819,0
e01820,0
e01821,0
e01822,0
e01823,0
e01824,1
e01825,0
e01826,0
e01827,0
e01828,0
e01829,0
e01830,0
e01831,0
e01832,1
e01833,0
e01834,0
e01835,0
e01836,0
e01837,0
e01838,0
e01839,0
e01840,0
e01841,0
e01842,0
e01843,0
e01844,0
e01845,0
e01846,1
e01847,0
e01848,1
e01849,0
e01850,0
e01851,0
e01852,0
e01853,0
e01854,0
e01855,1
e01856,1
e01857,1
e01858,0
e01859,0
e01860,0
e01861,0
e01862,0
e01863,0
e01864,0
e01865,0
e01866,0
e01867,1
e01868,0
e01869,1
e01870,0
e01871,0
e01872,0
e01873,0
e01874,0
e01875,0
e01876,0
e01877,0
e01878,0
e01879,0
e01880,0
e01881,1
e01882,0
e01883,0
e01884,0
e01885,0
e01886,0
e01887,0
e01888,0
e01889,0
e01890,0
e01891,0
e01892,0
e01893,0
e01894,0
e01895,0
e01896,0
e01897,0
e01898,0
e01899,0
e01900,0
e01901,0
e01902,0
e01903,0
e01904,0
e01905,0
e01906,0
e01907,0
e01908,0
e01909,0
e01910,0
e01911,0
e01912,0
e01913,0
e01914,0
e01915,0
e01916,0
e01917,1
e01918,0
e01919,0
e01920,0
e01921,0
e01922,1
e01923,0
e01924,0
e01925,0
e01926,0
e01927,0
e01928,0
e01929,1
e01930,0
e01931,0
e01932,0
e01933,0
e01934,0
e01935,0
e01936,0
e01937,0
e01938,0
e01939,0
e01940,0
e01941,0
e01942,0
e01943,0
e01944,0
e01945,0
e01946,0
e01947,0
e01948,0
e01949,0
e01950,0
e01951,0
e01952,0
e01953,1
e01954,0
e01955,0
e01956,0
e01957,0
e01958,0
e01959,0
e01960,0
e01961,0
e01962,1
e01963,0
e01964,0
e01965,0
e01966,0
e01967,1
e01968,0
e01969,0
e01970,0
e01971,1
e01972,0
e01973,0
e01974,0
e01975,0
e01976,0
e01977,0
e01978,1
e01979,0
e01980,0
e01981,0
e01982,0
e01983,0
e01984,0
e01985,0
e01986,0
e01987,0
e01988,0
e01989,0
e01990,0
e01991,0
e01992,1
e01993,0
e01994,0
e01995,1
e01996,0
e01997,0
e01998,0
e01999,0
e02000,0
e02001,0
e02002,0
e02003,0
e02004,0
e02005,0
e02006,0
e02007,0
e02008,0
e02009,0
e02010,0
e02011,0
e02012,0
e02013,0
e02014,0
e02015,0
e02016,0
e02017,0
e02018,0
e02019,0
e02020,0
e02021,0
e02022,0
e02023,0
e02024,0
e02025,0
e02026,0
e02027,0
e02028,0
e02029,0
e02030,1
e02031,0
e02032,1
e02033,0
e02034,0
e02035,0
e02036,0
e02037,0
e02038,0
e02039,0
e02040,0
e02041,0
e02042,0
e02043,0
e02044,1
e02045,0
e02046,0
e02047,0
e02048,0
e02049,0
e02050,0
e02051,0
e02052,0
e02053,0
e02054,0
e02055,0
e02056,0
e02057,0
e02058,0
e02059,0
e02060,0
e02061,0
e02062,0
e02063,0
e02064,0
e02065,1
e02066,0
e02067,0
e02068,0
e02069,0
e02070,0
e02071,0
e02072,0
e02073,0
e02074,1
e02075,0
e02076,0
e02077,0
e02078,0
e02079,0
e02080,0
e02081,0
e02082,0
e02083,0
e02084,0
e02085,1
e02086,0
e02087,0
e02088,0
e02089,0
e02090,0
e02091,0
e02092,0
e02093,0
e02094,0
e02095,0
e02096,0
e02097,1
e02098,0
e02099,0
e02100,0
e02101,1
e02102,1
e02103,0
e02104,0
e02105,0
e02106,0
e02107,0
e02108,1
e02109,0
e02110,0
e02111,0
e02112,0
e02113,0
e02114,0
e02115,0
e02116,0
e02117,0
e02118,0
e02119,0
e02120,0
e02121,1
e02122,0
e02123,0
e02124,0
e02125,0
e02126,1
e02127,0
e02128,0
e02129,0
e02130,0
e02131,0
e02132,0
e02133,1
e02134,0
e02135,1
e02136,0
e02137,1
e02138,0
e02139,0
e02140,0
e02141,0
